Neighborhood,GEOID,Conversion,WA
Allegheny Center,42003562700,0.724349158,1
Allegheny West,42003562700,0.275650842,1
Allentown,42003180300,1,1
Arlington,42003161000,0.659574468,1
Arlington Heights,42003161000,0.10106383,1
Banksville,42003202300,1,1
Bedford Dwellings,42003050900,1,1
Beechview,42003191600,1,0.545155
Beechview,42003192000,1,0.454845
Beltzhoover,42003562400,0.678798138,1
Bloomfield,42003080200,1,0.186728
Bloomfield,42003080400,1,0.193191
Bloomfield,42003080600,1,0.231737
Bloomfield,42003080900,1,0.210502
Bloomfield,42003090300,1,0.177842
Bluff,42003010301,1,0.307208
Bluff,42003010302,1,0.692792
Bon Air,42003562400,0.321201862,1
Brighton Heights,42003270100,1,0.365052
Brighton Heights,42003270300,1,0.263806
Brighton Heights,42003270800,1,0.371141
Brookline,42003191700,1,0.259588
Brookline,42003191800,1,0.402052
Brookline,42003191900,1,0.166654
Brookline,42003320600,1,0.171706
California-Kirkbride,42003565200,0.258759124,1
Carrick,42003290100,1,0.206997
Carrick,42003290200,1,0.40243
Carrick,42003290400,1,0.390573
Central Business District,42003020100,1,1
Central Lawrenceville,42003090100,1,0.43178
Central Lawrenceville,42003090200,1,0.567373
Central Lawrenceville,42003981000,1,0.000847
Central Northside,42003565100,1,1
Central Oakland,42003040500,1,0.647986
Central Oakland,42003040600,1,0.352014
Chartiers City,42003563000,0.168032787,1
Chateau,42003980600,1,1
Crafton Heights,42003281400,1,0.63816
Crafton Heights,42003281500,1,0.36184
Crawford-Roberts,42003030500,1,1
Duquesne Heights,42003191100,1,1
East Allegheny,42003563202,1,1
East Carnegie,42003562800,0.323878628,1
East Hills,42003130600,1,1
East Liberty,42003111300,1,0.42961
East Liberty,42003111500,1,0.57039
Elliot,42003562600,0.914512093,1
Esplen,42003562500,0.110311751,0.504566
Fairywood,42003563000,0.37295082,1
Fineview,42003250900,1,1
Friendship,42003080700,1,1
Garfield,42003101900,1,0.667582
Garfield,42003111400,1,0.332418
Glen Hazel,42003562300,0.211556982,0.631525
Greenfield,42003151600,1,0.317449
Greenfield,42003151700,1,0.682551
Hays,42003565300,0.259289176,1
Hazelwood,42003562300,0.788443018,1
Hazelwood,42003562901,1,0.368475
Highland Park,42003110200,1,0.607378
Highland Park,42003110600,1,0.391339
Highland Park,42003980100,1,0.001283
Homewood North,42003130200,1,0.392816
Homewood North,42003130700,0.712236665,0.607184
Homewood South,42003130800,1,1
Homewood West,42003130700,0.287763335,1
Knoxville,42003300100,1,1
Larimer,42003120900,1,1
Lincoln Place,42003310200,1,1
Lincoln-Lemington-Belmar,42003120300,1,0.391639
Lincoln-Lemington-Belmar,42003561900,1,0.522002
Lincoln-Lemington-Belmar,42003980000,0,0
Lincoln-Lemington-Belmar,42003981800,1,0.086359
Lower Lawrenceville ,42003060300,1,1
Manchester,42003565200,0.741240876,1
Marshall-Shadeland,42003271600,1,1
Marshall-Shadeland,42003980900,0,0
Middle Hill,42003050100,1,1
Morningside,42003101400,1,1
Mount Washington,42003180700,1,0.235362
Mount Washington,42003190300,1,0.221584
Mount Washington,42003191400,1,0.312859
Mount Washington,42003191500,1,0.230195
Mt. Oliver,42003161000,0.071048632,1
New Homestead,42003565300,0.740710824,1
North Oakland,42003040400,1,0.207651
North Oakland,42003562000,1,0.322608
North Oakland,42003982200,1,0.469741
North Shore,42003563201,1,1
North Shore,42003981200,0,0
Northview Heights,42003261300,0.639320564,1
Oakwood,42003562800,0.676121372,1
Overbrook,42003320400,1,0.536893
Overbrook,42003320700,1,0.463107
Perry North,42003260200,1,0.551179
Perry North,42003260700,1,0.445338
Perry North,42003980400,1,0.003483
Perry South,42003261400,1,0.596645
Perry South,42003261500,1,0.403355
Point Breeze,42003140400,1,0.432311
Point Breeze,42003141200,0.75767407,0.567689
Point Breeze,42003981100,0,0
Point Breeze North,42003140500,1,1
Polish Hill,42003060500,1,1
Regent Square,42003141200,0.24232593,1
Ridgemont,42003563100,0.104782375,1
Shadyside,42003070300,1,0.146439
Shadyside,42003070500,1,0.198472
Shadyside,42003070600,1,0.14324
Shadyside,42003070800,1,0.186264
Shadyside,42003070900,1,0.325586
Sheraden,42003202200,1,0.495434
Sheraden,42003562500,0.889688249,1
South Oakland,42003040900,1,0.999099
South Oakland,42003980800,1,0.000901
South Shore,42003980700,1,1
South Side Flats,42003160900,1,0.466452
South Side Flats,42003170200,1,0.533548
South Side Slopes,42003160800,1,0.589785
South Side Slopes,42003170600,1,0.410215
Spring Garden,42003241300,0.261561119,1
Spring Hill-City View,42003262000,1,1
Squirrel Hill North,42003140100,1,0.469652
Squirrel Hill North,42003140200,1,0.233269
Squirrel Hill North,42003140300,1,0.297079
Squirrel Hill South,42003140800,1,0.304107
Squirrel Hill South,42003141300,1,0.329568
Squirrel Hill South,42003141400,1,0.36515
Squirrel Hill South,42003980300,0,0
Squirrel Hill South,42003980500,1,0.001175
St. Clair,42003161000,0.16831307,1
Stanton Heights,42003100500,1,0.45471
Stanton Heights,42003101800,1,0.54529
Strip District,42003020300,1,1
Summer Hill,42003261300,0.360679436,1
Swisshelm Park,42003141100,1,1
Terrace Village,42003051000,1,0.734052
Terrace Village,42003051100,1,0.265948
Troy Hill,42003241300,0.738438881,1
Upper Hill,42003050600,1,1
Upper Lawrenceville,42003101100,1,1
West End,42003562600,0.085487907,1
West Oakland,42003040200,1,1
Westwood,42003563100,0.895217625,1
Windgap,42003563000,0.459016393,1
